{
    "name": "root",
    "gauges": {
        "KeepWarm.Policy.Entropy.mean": {
            "value": 1.7640663385391235,
            "min": 1.6049836874008179,
            "max": 3.004720449447632,
            "count": 206
        },
        "KeepWarm.Policy.Entropy.sum": {
            "value": 17511.88671875,
            "min": 15846.00390625,
            "max": 33039.90625,
            "count": 206
        },
        "KeepWarm.Step.mean": {
            "value": 2059961.0,
            "min": 9944.0,
            "max": 2059961.0,
            "count": 206
        },
        "KeepWarm.Step.sum": {
            "value": 2059961.0,
            "min": 9944.0,
            "max": 2059961.0,
            "count": 206
        },
        "KeepWarm.Policy.ExtrinsicValueEstimate.mean": {
            "value": -1.8719043731689453,
            "min": -32.780059814453125,
            "max": -1.4537338018417358,
            "count": 206
        },
        "KeepWarm.Policy.ExtrinsicValueEstimate.sum": {
            "value": -189.06234741210938,
            "min": -3343.566162109375,
            "max": -146.82711791992188,
            "count": 206
        },
        "KeepWarm.Environment.EpisodeLength.mean": {
            "value": 395.0,
            "min": 395.0,
            "max": 421.0769230769231,
            "count": 206
        },
        "KeepWarm.Environment.EpisodeLength.sum": {
            "value": 9480.0,
            "min": 7127.0,
            "max": 10948.0,
            "count": 206
        },
        "KeepWarm.Environment.CumulativeReward.mean": {
            "value": -109.0,
            "min": -2709.9411764705883,
            "max": -91.61538461538461,
            "count": 206
        },
        "KeepWarm.Environment.CumulativeReward.sum": {
            "value": -2725.0,
            "min": -62254.0,
            "max": -2382.0,
            "count": 206
        },
        "KeepWarm.Policy.ExtrinsicReward.mean": {
            "value": -109.0,
            "min": -2709.9411764705883,
            "max": -91.61538461538461,
            "count": 206
        },
        "KeepWarm.Policy.ExtrinsicReward.sum": {
            "value": -2725.0,
            "min": -62254.0,
            "max": -2382.0,
            "count": 206
        },
        "KeepWarm.IsTraining.mean": {
            "value": 1.0,
            "min": 1.0,
            "max": 1.0,
            "count": 206
        },
        "KeepWarm.IsTraining.sum": {
            "value": 1.0,
            "min": 1.0,
            "max": 1.0,
            "count": 206
        },
        "KeepWarm.Losses.PolicyLoss.mean": {
            "value": 0.06685282938876935,
            "min": 0.062420010463381546,
            "max": 0.07641601866621969,
            "count": 124
        },
        "KeepWarm.Losses.PolicyLoss.sum": {
            "value": 0.06685282938876935,
            "min": 0.062420010463381546,
            "max": 0.07641601866621969,
            "count": 124
        },
        "KeepWarm.Losses.ValueLoss.mean": {
            "value": 4.762595111008454,
            "min": 4.1275619206425445,
            "max": 249.55021221454328,
            "count": 124
        },
        "KeepWarm.Losses.ValueLoss.sum": {
            "value": 4.762595111008454,
            "min": 4.1275619206425445,
            "max": 249.55021221454328,
            "count": 124
        },
        "KeepWarm.Policy.LearningRate.mean": {
            "value": 0.00028773357408881,
            "min": 0.00028773357408881,
            "max": 0.00029989954803348405,
            "count": 124
        },
        "KeepWarm.Policy.LearningRate.sum": {
            "value": 0.00028773357408881,
            "min": 0.00028773357408881,
            "max": 0.00029989954803348405,
            "count": 124
        },
        "KeepWarm.Policy.Epsilon.mean": {
            "value": 0.19591118999999996,
            "min": 0.19591118999999996,
            "max": 0.19996651599999998,
            "count": 124
        },
        "KeepWarm.Policy.Epsilon.sum": {
            "value": 0.19591118999999996,
            "min": 0.19591118999999996,
            "max": 0.19996651599999998,
            "count": 124
        },
        "KeepWarm.Policy.Beta.mean": {
            "value": 0.004795968381,
            "min": 0.004795968381,
            "max": 0.004998329148400001,
            "count": 124
        },
        "KeepWarm.Policy.Beta.sum": {
            "value": 0.004795968381,
            "min": 0.004795968381,
            "max": 0.004998329148400001,
            "count": 124
        }
    },
    "metadata": {
        "timer_format_version": "0.1.0",
        "start_time_seconds": "1678200071",
        "python_version": "3.9.13 (tags/v3.9.13:6de2ca5, May 17 2022, 16:36:42) [MSC v.1929 64 bit (AMD64)]",
        "command_line_arguments": "C:\\Users\\QI\\MiniAdventureML\\venv\\Scripts\\mlagents-learn --run-id=TestNewRewardBackground Config\\configuration_3Layers.yaml --force",
        "mlagents_version": "0.30.0",
        "mlagents_envs_version": "0.30.0",
        "communication_protocol_version": "1.5.0",
        "pytorch_version": "1.7.1+cu110",
        "numpy_version": "1.21.2",
        "end_time_seconds": "1678203783"
    },
    "total": 3712.1057738,
    "count": 1,
    "self": 0.011101000000053318,
    "children": {
        "run_training.setup": {
            "total": 0.13836760000000004,
            "count": 1,
            "self": 0.13836760000000004
        },
        "TrainerController.start_learning": {
            "total": 3711.9563052,
            "count": 1,
            "self": 4.269988100035789,
            "children": {
                "TrainerController._reset_env": {
                    "total": 9.1805351,
                    "count": 1,
                    "self": 9.1805351
                },
                "TrainerController.advance": {
                    "total": 3698.378779399964,
                    "count": 230136,
                    "self": 3.7716535999907137,
                    "children": {
                        "env_step": {
                            "total": 2365.4131506999997,
                            "count": 230136,
                            "self": 1151.1499284999447,
                            "children": {
                                "SubprocessEnvManager._take_step": {
                                    "total": 1211.4529760000962,
                                    "count": 230137,
                                    "self": 15.875945600037085,
                                    "children": {
                                        "TorchPolicy.evaluate": {
                                            "total": 1195.5770304000591,
                                            "count": 229558,
                                            "self": 1195.5770304000591
                                        }
                                    }
                                },
                                "workers": {
                                    "total": 2.8102461999588186,
                                    "count": 230135,
                                    "self": 0.0,
                                    "children": {
                                        "worker_root": {
                                            "total": 3689.3214888999523,
                                            "count": 230135,
                                            "is_parallel": true,
                                            "self": 2837.022244799993,
                                            "children": {
                                                "steps_from_proto": {
                                                    "total": 0.0008556000000012887,
                                                    "count": 2,
                                                    "is_parallel": true,
                                                    "self": 0.00037840000000244345,