{
    "name": "root",
    "gauges": {
        "KeepWarm.Policy.Entropy.mean": {
            "value": 2.9370975494384766,
            "min": 2.9370975494384766,
            "max": 3.5662715435028076,
            "count": 30
        },
        "KeepWarm.Policy.Entropy.sum": {
            "value": 28997.96484375,
            "min": 28997.96484375,
            "max": 35773.3515625,
            "count": 30
        },
        "KeepWarm.Environment.EpisodeLength.mean": {
            "value": 10.176339285714286,
            "min": 10.176339285714286,
            "max": 84.03389830508475,
            "count": 30
        },
        "KeepWarm.Environment.EpisodeLength.sum": {
            "value": 9118.0,
            "min": 9047.0,
            "max": 9987.0,
            "count": 30
        },
        "KeepWarm.Step.mean": {
            "value": 299999.0,
            "min": 9916.0,
            "max": 299999.0,
            "count": 30
        },
        "KeepWarm.Step.sum": {
            "value": 299999.0,
            "min": 9916.0,
            "max": 299999.0,
            "count": 30
        },
        "KeepWarm.Policy.ExtrinsicValueEstimate.mean": {
            "value": 5527.95068359375,
            "min": 16.816377639770508,
            "max": 5527.95068359375,
            "count": 30
        },
        "KeepWarm.Policy.ExtrinsicValueEstimate.sum": {
            "value": 4953044.0,
            "min": 2085.230712890625,
            "max": 4953044.0,
            "count": 30
        },
        "KeepWarm.Environment.CumulativeReward.mean": {
            "value": 9409.598214285714,
            "min": 2139.830508474576,
            "max": 9409.598214285714,
            "count": 30
        },
        "KeepWarm.Environment.CumulativeReward.sum": {
            "value": 8431000.0,
            "min": 252500.0,
            "max": 8431000.0,
            "count": 30
        },
        "KeepWarm.Policy.ExtrinsicReward.mean": {
            "value": 9409.598214285714,
            "min": 2139.830508474576,
            "max": 9409.598214285714,
            "count": 30
        },
        "KeepWarm.Policy.ExtrinsicReward.sum": {
            "value": 8431000.0,
            "min": 252500.0,
            "max": 8431000.0,
            "count": 30
        },
        "KeepWarm.IsTraining.mean": {
            "value": 1.0,
            "min": 1.0,
            "max": 1.0,
            "count": 30
        },
        "KeepWarm.IsTraining.sum": {
            "value": 1.0,
            "min": 1.0,
            "max": 1.0,
            "count": 30
        },
        "KeepWarm.Losses.PolicyLoss.mean": {
            "value": 0.07082872695612726,
            "min": 0.06691668533911373,
            "max": 0.07498337845163405,
            "count": 18
        },
        "KeepWarm.Losses.PolicyLoss.sum": {
            "value": 0.07082872695612726,
            "min": 0.06691668533911373,
            "max": 0.07498337845163405,
            "count": 18
        },
        "KeepWarm.Losses.ValueLoss.mean": {
            "value": 1998123.1318359375,
            "min": 751633.8557179769,
            "max": 3458834.4130859375,
            "count": 18
        },
        "KeepWarm.Losses.ValueLoss.sum": {
            "value": 1998123.1318359375,
            "min": 751633.8557179769,
            "max": 3458834.4130859375,
            "count": 18
        },
        "KeepWarm.Policy.LearningRate.mean": {
            "value": 0.000298225272591576,
            "min": 0.000298225272591576,
            "max": 0.00029990143803285395,
            "count": 18
        },
        "KeepWarm.Policy.LearningRate.sum": {
            "value": 0.000298225272591576,
            "min": 0.000298225272591576,
            "max": 0.00029990143803285395,
            "count": 18
        },
        "KeepWarm.Policy.Epsilon.mean": {
            "value": 0.199408424,
            "min": 0.199408424,
            "max": 0.19996714600000007,
            "count": 18
        },
        "KeepWarm.Policy.Epsilon.sum": {
            "value": 0.199408424,
            "min": 0.199408424,
            "max": 0.19996714600000007,
            "count": 18
        },
        "KeepWarm.Policy.Beta.mean": {
            "value": 0.004970480357599999,
            "min": 0.004970480357599999,
            "max": 0.0049983605854,
            "count": 18
        },
        "KeepWarm.Policy.Beta.sum": {
            "value": 0.004970480357599999,
            "min": 0.004970480357599999,
            "max": 0.0049983605854,
            "count": 18
        }
    },
    "metadata": {
        "timer_format_version": "0.1.0",
        "start_time_seconds": "1679059102",
        "python_version": "3.9.13 (tags/v3.9.13:6de2ca5, May 17 2022, 16:36:42) [MSC v.1929 64 bit (AMD64)]",
        "command_line_arguments": "C:\\Users\\QI\\MiniAdventureML\\venv\\Scripts\\mlagents-learn --run-id=TestBlindFlintOnly Config\\configuration_3Layers.yaml --force",
        "mlagents_version": "0.30.0",
        "mlagents_envs_version": "0.30.0",
        "communication_protocol_version": "1.5.0",
        "pytorch_version": "1.7.1+cu110",
        "numpy_version": "1.21.2",
        "end_time_seconds": "1679059801"
    },
    "total": 698.8129213,
    "count": 1,
    "self": 0.007764399999928173,
    "children": {
        "run_training.setup": {
            "total": 0.12207720000000011,
            "count": 1,
            "self": 0.12207720000000011
        },
        "TrainerController.start_learning": {
            "total": 698.6830797,
            "count": 1,
            "self": 0.7553427999931728,
            "children": {
                "TrainerController._reset_env": {
                    "total": 8.8149792,
                    "count": 1,
                    "self": 8.8149792
                },
                "TrainerController.advance": {
                    "total": 688.7662254000068,
                    "count": 43333,
                    "self": 0.7091906000060817,
                    "children": {
                        "env_step": {
                            "total": 473.7044498000029,
                            "count": 43333,
                            "self": 254.06558480001726,
                            "children": {
                                "SubprocessEnvManager._take_step": {
                                    "total": 219.15544689999115,
                                    "count": 43333,
                                    "self": 2.1685681999930466,
                                    "children": {
                                        "TorchPolicy.evaluate": {
                                            "total": 216.9868786999981,
                                            "count": 33801,
                                            "self": 216.9868786999981
                                        }
                                    }
                                },
                                "workers": {
                                    "total": 0.483418099994509,
                                    "count": 43332,
                                    "self": 0.0,
                                    "children": {
                                        "worker_root": {
                                            "total": 627.2099672000121,
                                            "count": 43332,
                                            "is_parallel": true,
                                            "self": 482.16274580001385,
                                            "children": {
                                                "steps_from_proto": {
                                                    "total": 0.00044850000000007384,
                                                    "count": 1,
                                                    "is_parallel": true,
                                                    "self": 0.0002775999999995449,