{
    "name": "root",
    "metadata": {
        "timer_format_version": "0.1.0",
        "start_time_seconds": "1678195588",
        "python_version": "3.9.13 (tags/v3.9.13:6de2ca5, May 17 2022, 16:36:42) [MSC v.1929 64 bit (AMD64)]",
        "command_line_arguments": "C:\\Users\\QI\\MiniAdventureML\\venv\\Scripts\\mlagents-learn Config\\configuration_3Layers.yaml --run-id=TestNewReward --resume",
        "mlagents_version": "0.30.0",
        "mlagents_envs_version": "0.30.0",
        "communication_protocol_version": "1.5.0",
        "pytorch_version": "1.7.1+cu110",
        "numpy_version": "1.21.2",
        "end_time_seconds": "1678195677"
    },
    "total": 89.5840277,
    "count": 1,
    "self": 0.009274499999989416,
    "children": {
        "run_training.setup": {
            "total": 0.1239977000000001,
            "count": 1,
            "self": 0.1239977000000001
        },
        "TrainerController.start_learning": {
            "total": 89.4507555,
            "count": 1,
            "self": 0.003422800000009829,
            "children": {
                "TrainerController._reset_env": {
                    "total": 12.485087199999999,
                    "count": 1,
                    "self": 12.485087199999999
                },
                "TrainerController.advance": {
                    "total": 76.83033509999999,
                    "count": 171,
                    "self": 0.0030349999999685906,
                    "children": {
                        "env_step": {
                            "total": 76.77010820000001,
                            "count": 171,
                            "self": 75.39454879999998,
                            "children": {
                                "SubprocessEnvManager._take_step": {
                                    "total": 1.3735169000000322,
                                    "count": 171,
                                    "self": 0.012879400000048946,
                                    "children": {
                                        "TorchPolicy.evaluate": {
                                            "total": 1.3606374999999833,
                                            "count": 171,
                                            "self": 1.3606374999999833
                                        }
                                    }
                                },
                                "workers": {
                                    "total": 0.0020424999999928417,
                                    "count": 170,
                                    "self": 0.0,
                                    "children": {
                                        "worker_root": {
                                            "total": 6.175004900000015,
                                            "count": 170,
                                            "is_parallel": true,
                                            "self": 3.0384347000000194,
                                            "children": {
                                                "steps_from_proto": {
                                                    "total": 0.00042050000000060095,
                                                    "count": 1,
                                                    "is_parallel": true,
                                                    "self": 0.0001823000000005237,
                                                    "children": {
                                                        "_process_rank_one_or_two_observation": {
                                                            "total": 0.00023820000000007724,
                                                            "count": 2,
                                                            "is_parallel": true,
                                                            "self": 0.00023820000000007724
                                                        }
                                                    }
                                                },
                                                "UnityEnvironment.step": {
                                                    "total": 3.1361496999999954,
                                                    "count": 170,
                                                    "is_parallel": true,
                                                    "self": 0.02256010000000863,
                                                    "children": {
                                                        "UnityEnvironment._generate_step_input": {
                                                            "total": 0.029236699999996674,
                                                            "count": 170,
                                                            "is_parallel": true,
                                                            "self": 0.029236699999996674
                                                        },
                                                        "communicator.exchange": {
                                                            "total": 3.022164899999998,
                                                            "count": 170,
                                                            "is_parallel": true,
                                                            "self": 3.022164899999998
                                                        },
                                                        "steps_from_proto": {
                                                            "total": 0.062187999999991916,
                                                            "count": 170,
                                                            "is_parallel": true,
                                                            "self": 0.029943700000004014,
                                                            "children": {
                                                                "_process_rank_one_or_two_observation": {
                                                                    "total": 0.0322442999999879,
                                                                    "count": 340,
                                                                    "is_parallel": true,
                                                                    "self": 0.0322442999999879
                                                                }
                                                            }
                                                        }
                                                    }
                                                }
                                            }
                                        }
                                    }
                                }
                            }
                        },
                        "trainer_advance": {
                            "total": 0.057191900000010065,
                            "count": 170,
                            "self": 0.0032574000000291647,
                            "children": {
                                "process_trajectory": {
                                    "total": 0.0539344999999809,
                                    "count": 170,
                                    "self": 0.0539344999999809
                                }
                            }
                        }
                    }
                },
                "TrainerController._save_models": {
                    "total": 0.13191040000000953,
                    "count": 1,
                    "self": 0.004307100000005448,
                    "children": {
                        "RLTrainer._checkpoint": {
                            "total": 0.12760330000000408,
                            "count": 1,