{
    "name": "root",
    "metadata": {
        "timer_format_version": "0.1.0",
        "start_time_seconds": "1678979723",
        "python_version": "3.9.13 (tags/v3.9.13:6de2ca5, May 17 2022, 16:36:42) [MSC v.1929 64 bit (AMD64)]",
        "command_line_arguments": "C:\\Users\\QI\\MiniAdventureML\\venv\\Scripts\\mlagents-learn --run-id=TestNewObservations Config\\configuration_3Layers.yaml --force",
        "mlagents_version": "0.30.0",
        "mlagents_envs_version": "0.30.0",
        "communication_protocol_version": "1.5.0",
        "pytorch_version": "1.7.1+cu110",
        "numpy_version": "1.21.2",
        "end_time_seconds": "1678979794"
    },
    "total": 71.70318750000001,
    "count": 1,
    "self": 0.016318100000006552,
    "children": {
        "run_training.setup": {
            "total": 0.12753290000000006,
            "count": 1,
            "self": 0.12753290000000006
        },
        "TrainerController.start_learning": {
            "total": 71.5593365,
            "count": 1,
            "self": 0.04533079999997369,
            "children": {
                "TrainerController._reset_env": {
                    "total": 8.0397182,
                    "count": 1,
                    "self": 8.0397182
                },
                "TrainerController.advance": {
                    "total": 63.170329800000026,
                    "count": 2726,
                    "self": 0.04198489999976829,
                    "children": {
                        "env_step": {
                            "total": 62.898333800000124,
                            "count": 2726,
                            "self": 44.14269570000004,
                            "children": {
                                "SubprocessEnvManager._take_step": {
                                    "total": 18.727646,
                                    "count": 2727,
                                    "self": 0.15962009999993398,
                                    "children": {
                                        "TorchPolicy.evaluate": {
                                            "total": 18.568025900000066,
                                            "count": 2722,
                                            "self": 18.568025900000066
                                        }
                                    }
                                },
                                "workers": {
                                    "total": 0.027992100000084008,
                                    "count": 2725,
                                    "self": 0.0,
                                    "children": {
                                        "worker_root": {
                                            "total": 29.415320800000163,
                                            "count": 2725,
                                            "is_parallel": true,
                                            "self": 22.549145900000163,
                                            "children": {
                                                "steps_from_proto": {
                                                    "total": 0.00034959999999983893,
                                                    "count": 1,
                                                    "is_parallel": true,
                                                    "self": 0.0001879999999996329,
                                                    "children": {
                                                        "_process_rank_one_or_two_observation": {
                                                            "total": 0.00016160000000020602,
                                                            "count": 2,
                                                            "is_parallel": true,
                                                            "self": 0.00016160000000020602
                                                        }
                                                    }
                                                },
                                                "UnityEnvironment.step": {
                                                    "total": 6.865825299999999,
                                                    "count": 2725,
                                                    "is_parallel": true,
                                                    "self": 0.17407009999960188,
                                                    "children": {
                                                        "UnityEnvironment._generate_step_input": {
                                                            "total": 0.18873930000020245,
                                                            "count": 2725,
                                                            "is_parallel": true,
                                                            "self": 0.18873930000020245
                                                        },
                                                        "communicator.exchange": {
                                                            "total": 5.854168000000177,
                                                            "count": 2725,
                                                            "is_parallel": true,
                                                            "self": 5.854168000000177
                                                        },
                                                        "steps_from_proto": {
                                                            "total": 0.6488479000000176,
                                                            "count": 2725,
                                                            "is_parallel": true,
                                                            "self": 0.40768590000004146,
                                                            "children": {
                                                                "_process_rank_one_or_two_observation": {
                                                                    "total": 0.24116199999997612,
                                                                    "count": 5450,
                                                                    "is_parallel": true,
                                                                    "self": 0.24116199999997612
                                                                }
                                                            }
                                                        }
                                                    }
                                                }
                                            }
                                        }
                                    }
                                }
                            }
                        },
                        "trainer_advance": {
                            "total": 0.23001110000013192,
                            "count": 2725,
                            "self": 0.05510170000012238,
                            "children": {
                                "process_trajectory": {
                                    "total": 0.17490940000000954,
                                    "count": 2725,
                                    "self": 0.17490940000000954
                                }
                            }
                        }
                    }
                },
                "TrainerController._save_models": {
                    "total": 0.303957699999998,
                    "count": 1,
                    "self": 0.0031868999999886682,
                    "children": {
                        "RLTrainer._checkpoint": {
                            "total": 0.30077080000000933,
                            "count": 1,