{
    "name": "root",
    "gauges": {
        "KeepWarm.Policy.Entropy.mean": {
            "value": 3.5000100135803223,
            "min": 0.8875353336334229,
            "max": 3.5536861419677734,
            "count": 437
        },
        "KeepWarm.Policy.Entropy.sum": {
            "value": 34524.09765625,
            "min": 8690.74609375,
            "max": 36052.25390625,
            "count": 437
        },
        "KeepWarm.Step.mean": {
            "value": 4369925.0,
            "min": 9924.0,
            "max": 4369925.0,
            "count": 437
        },
        "KeepWarm.Step.sum": {
            "value": 4369925.0,
            "min": 9924.0,
            "max": 4369925.0,
            "count": 437
        },
        "KeepWarm.Policy.ExtrinsicValueEstimate.mean": {
            "value": -1.2534822225570679,
            "min": -6.786467552185059,
            "max": 17.00343894958496,
            "count": 437
        },
        "KeepWarm.Policy.ExtrinsicValueEstimate.sum": {
            "value": -136.6295623779297,
            "min": -699.016845703125,
            "max": 1853.3748779296875,
            "count": 437
        },
        "KeepWarm.Environment.EpisodeLength.mean": {
            "value": 356.4230769230769,
            "min": 328.9655172413793,
            "max": 488.0,
            "count": 437
        },
        "KeepWarm.Environment.EpisodeLength.sum": {
            "value": 9267.0,
            "min": 7110.0,
            "max": 11662.0,
            "count": 437
        },
        "KeepWarm.Environment.CumulativeReward.mean": {
            "value": 112.11538461538461,
            "min": -296.9230769230769,
            "max": 538.125,
            "count": 437
        },
        "KeepWarm.Environment.CumulativeReward.sum": {
            "value": 2915.0,
            "min": -7985.0,
            "max": 14625.0,
            "count": 437
        },
        "KeepWarm.Policy.ExtrinsicReward.mean": {
            "value": 112.11538461538461,
            "min": -296.9230769230769,
            "max": 538.125,
            "count": 437
        },
        "KeepWarm.Policy.ExtrinsicReward.sum": {
            "value": 2915.0,
            "min": -7985.0,
            "max": 14625.0,
            "count": 437
        },
        "KeepWarm.IsTraining.mean": {
            "value": 1.0,
            "min": 1.0,
            "max": 1.0,
            "count": 437
        },
        "KeepWarm.IsTraining.sum": {
            "value": 1.0,
            "min": 1.0,
            "max": 1.0,
            "count": 437
        },
        "KeepWarm.Losses.PolicyLoss.mean": {
            "value": 0.07606021177859172,
            "min": 0.061680552696922554,
            "max": 0.07674017622614177,
            "count": 265
        },
        "KeepWarm.Losses.PolicyLoss.sum": {
            "value": 0.07606021177859172,
            "min": 0.061680552696922554,
            "max": 0.07674017622614177,
            "count": 265
        },
        "KeepWarm.Losses.ValueLoss.mean": {
            "value": 87.03279946247737,
            "min": 73.56674780944984,
            "max": 653.0741553836399,
            "count": 265
        },
        "KeepWarm.Losses.ValueLoss.sum": {
            "value": 87.03279946247737,
            "min": 73.56674780944984,
            "max": 653.0741553836399,
            "count": 265
        },
        "KeepWarm.Policy.LearningRate.mean": {
            "value": 0.0002738140167286639,
            "min": 0.0002738140167286639,
            "max": 0.0002998982640339119,
            "count": 265
        },
        "KeepWarm.Policy.LearningRate.sum": {
            "value": 0.0002738140167286639,
            "min": 0.0002738140167286639,
            "max": 0.0002998982640339119,
            "count": 265
        },
        "KeepWarm.Policy.Epsilon.mean": {
            "value": 0.19127133600000001,
            "min": 0.19127133600000001,
            "max": 0.19996608800000001,
            "count": 265
        },
        "KeepWarm.Policy.Epsilon.sum": {
            "value": 0.19127133600000001,
            "min": 0.19127133600000001,
            "max": 0.19996608800000001,
            "count": 265
        },
        "KeepWarm.Policy.Beta.mean": {
            "value": 0.0045644396664,
            "min": 0.0045644396664,
            "max": 0.004998307791200002,
            "count": 265
        },
        "KeepWarm.Policy.Beta.sum": {
            "value": 0.0045644396664,
            "min": 0.0045644396664,
            "max": 0.004998307791200002,
            "count": 265
        }
    },
    "metadata": {
        "timer_format_version": "0.1.0",
        "start_time_seconds": "1679144212",
        "python_version": "3.9.13 (tags/v3.9.13:6de2ca5, May 17 2022, 16:36:42) [MSC v.1929 64 bit (AMD64)]",
        "command_line_arguments": "C:\\Users\\QI\\MiniAdventureML\\venv\\Scripts\\mlagents-learn --run-id=DistanceBased1Layers_1 Config\\configuration.yaml --force",
        "mlagents_version": "0.30.0",
        "mlagents_envs_version": "0.30.0",
        "communication_protocol_version": "1.5.0",
        "pytorch_version": "1.7.1+cu110",
        "numpy_version": "1.21.2",
        "end_time_seconds": "1679152830"
    },
    "total": 8618.2720303,
    "count": 1,
    "self": 0.009344400001282338,
    "children": {
        "run_training.setup": {
            "total": 0.12092910000000012,
            "count": 1,
            "self": 0.12092910000000012
        },
        "TrainerController.start_learning": {
            "total": 8618.1417568,
            "count": 1,
            "self": 9.162701300158005,
            "children": {
                "TrainerController._reset_env": {
                    "total": 6.9147985,
                    "count": 1,
                    "self": 6.9147985
                },
                "TrainerController.advance": {
                    "total": 8601.828700699842,
                    "count": 486554,
                    "self": 8.63595039982647,
                    "children": {
                        "env_step": {
                            "total": 5853.098052699913,
                            "count": 486554,
                            "self": 2440.293167699999,
                            "children": {
                                "SubprocessEnvManager._take_step": {
                                    "total": 3406.848237499875,
                                    "count": 486554,
                                    "self": 32.42053759976079,
                                    "children": {
                                        "TorchPolicy.evaluate": {
                                            "total": 3374.427699900114,
                                            "count": 486169,
                                            "self": 3374.427699900114
                                        }
                                    }
                                },
                                "workers": {
                                    "total": 5.956647500039324,
                                    "count": 486553,
                                    "self": 0.0,
                                    "children": {
                                        "worker_root": {
                                            "total": 8601.015703700277,
                                            "count": 486553,
                                            "is_parallel": true,
                                            "self": 6762.003196500174,
                                            "children": {
                                                "steps_from_proto": {
                                                    "total": 0.0004813999999999652,
                                                    "count": 1,
                                                    "is_parallel": true,
                                                    "self": 0.0002735000000004817,