{
    "name": "root",
    "gauges": {
        "KeepWarm.Policy.Entropy.mean": {
            "value": 1.8704133033752441,
            "min": 1.4904576539993286,
            "max": 3.7096662521362305,
            "count": 4296
        },
        "KeepWarm.Policy.Entropy.sum": {
            "value": 18769.59765625,
            "min": 15010.3994140625,
            "max": 37605.85546875,
            "count": 4296
        },
        "KeepWarm.Step.mean": {
            "value": 42959958.0,
            "min": 9951.0,
            "max": 42959958.0,
            "count": 4296
        },
        "KeepWarm.Step.sum": {
            "value": 42959958.0,
            "min": 9951.0,
            "max": 42959958.0,
            "count": 4296
        },
        "KeepWarm.Policy.ExtrinsicValueEstimate.mean": {
            "value": 32.17758560180664,
            "min": -4.261198997497559,
            "max": 40.77199172973633,
            "count": 4296
        },
        "KeepWarm.Policy.ExtrinsicValueEstimate.sum": {
            "value": 3957.84326171875,
            "min": -455.9482727050781,
            "max": 5096.4990234375,
            "count": 4296
        },
        "KeepWarm.Environment.EpisodeLength.mean": {
            "value": 171.17241379310346,
            "min": 124.61971830985915,
            "max": 606.8181818181819,
            "count": 4296
        },
        "KeepWarm.Environment.EpisodeLength.sum": {
            "value": 9928.0,
            "min": 7061.0,
            "max": 16498.0,
            "count": 4296
        },
        "KeepWarm.Environment.CumulativeReward.mean": {
            "value": 460.63157894736844,
            "min": -59.08,
            "max": 748.0217391304348,
            "count": 4296
        },
        "KeepWarm.Environment.CumulativeReward.sum": {
            "value": 26256.0,
            "min": -1477.0,
            "max": 36427.0,
            "count": 4296
        },
        "KeepWarm.Policy.ExtrinsicReward.mean": {
            "value": 460.63157894736844,
            "min": -59.08,
            "max": 748.0217391304348,
            "count": 4296
        },
        "KeepWarm.Policy.ExtrinsicReward.sum": {
            "value": 26256.0,
            "min": -1477.0,
            "max": 36427.0,
            "count": 4296
        },
        "KeepWarm.IsTraining.mean": {
            "value": 1.0,
            "min": 1.0,
            "max": 1.0,
            "count": 4296
        },
        "KeepWarm.IsTraining.sum": {
            "value": 1.0,
            "min": 1.0,
            "max": 1.0,
            "count": 4296
        },
        "KeepWarm.Losses.PolicyLoss.mean": {
            "value": 0.07093752578854644,
            "min": 0.06121506340757795,
            "max": 0.08015107510230735,
            "count": 2613
        },
        "KeepWarm.Losses.PolicyLoss.sum": {
            "value": 0.07093752578854644,
            "min": 0.06121506340757795,
            "max": 0.08015107510230735,
            "count": 2613
        },
        "KeepWarm.Losses.ValueLoss.mean": {
            "value": 100.54569684962432,
            "min": 11.270576648103694,
            "max": 272.63883583744365,
            "count": 2613
        },
        "KeepWarm.Losses.ValueLoss.sum": {
            "value": 100.54569684962432,
            "min": 11.270576648103694,
            "max": 272.63883583744365,
            "count": 2613
        },
        "KeepWarm.Policy.LearningRate.mean": {
            "value": 4.2323269892271985e-05,
            "min": 4.2323269892271985e-05,
            "max": 0.00029990023203325597,
            "count": 2613
        },
        "KeepWarm.Policy.LearningRate.sum": {
            "value": 4.2323269892271985e-05,
            "min": 4.2323269892271985e-05,
            "max": 0.00029990023203325597,
            "count": 2613
        },
        "KeepWarm.Policy.Epsilon.mean": {
            "value": 0.114107728,
            "min": 0.114107728,
            "max": 0.19996674400000003,
            "count": 2613
        },
        "KeepWarm.Policy.Epsilon.sum": {
            "value": 0.114107728,
            "min": 0.114107728,
            "max": 0.19996674400000003,
            "count": 2613
        },
        "KeepWarm.Policy.Beta.mean": {
            "value": 0.0007139756271999999,
            "min": 0.0007139756271999999,
            "max": 0.004998340525599999,
            "count": 2613
        },
        "KeepWarm.Policy.Beta.sum": {
            "value": 0.0007139756271999999,
            "min": 0.0007139756271999999,
            "max": 0.004998340525599999,
            "count": 2613
        }
    },
    "metadata": {
        "timer_format_version": "0.1.0",
        "start_time_seconds": "1678207567",
        "python_version": "3.9.13 (tags/v3.9.13:6de2ca5, May 17 2022, 16:36:42) [MSC v.1929 64 bit (AMD64)]",
        "command_line_arguments": "C:\\Users\\QI\\MiniAdventureML\\venv\\Scripts\\mlagents-learn --run-id=TestActionMask Config\\configuration_3Layers.yaml --force",
        "mlagents_version": "0.30.0",
        "mlagents_envs_version": "0.30.0",
        "communication_protocol_version": "1.5.0",
        "pytorch_version": "1.7.1+cu110",
        "numpy_version": "1.21.2",
        "end_time_seconds": "1678295511"
    },
    "total": 87944.42599369999,
    "count": 1,
    "self": 0.014791399997193366,
    "children": {
        "run_training.setup": {
            "total": 0.12072080000000018,
            "count": 1,
            "self": 0.12072080000000018
        },
        "TrainerController.start_learning": {
            "total": 87944.2904815,
            "count": 1,
            "self": 86.11759460625763,
            "children": {
                "TrainerController._reset_env": {
                    "total": 7.193914299999999,
                    "count": 1,
                    "self": 7.193914299999999
                },
                "TrainerController.advance": {
                    "total": 87850.80252069373,
                    "count": 4774058,
                    "self": 73.98599060098059,
                    "children": {
                        "env_step": {
                            "total": 57801.30226279418,
                            "count": 4774058,
                            "self": 23717.22189509697,
                            "children": {
                                "SubprocessEnvManager._take_step": {
                                    "total": 34027.56582809832,
                                    "count": 4774059,
                                    "self": 303.53454649518244,
                                    "children": {
                                        "TorchPolicy.evaluate": {
                                            "total": 33724.03128160314,
                                            "count": 4774046,
                                            "self": 33724.03128160314
                                        }
                                    }
                                },
                                "workers": {
                                    "total": 56.51453959889728,
                                    "count": 4774058,
                                    "self": 0.0,
                                    "children": {
                                        "worker_root": {
                                            "total": 87768.26538549528,
                                            "count": 4774058,
                                            "is_parallel": true,
                                            "self": 69981.81513550814,
                                            "children": {
                                                "steps_from_proto": {
                                                    "total": 0.0008722999999983827,
                                                    "count": 2,
                                                    "is_parallel": true,