{
    "name": "root",
    "gauges": {
        "KeepWarm.Policy.Entropy.mean": {
            "value": 1.5120210647583008,
            "min": 0.9018716812133789,
            "max": 2.2858266830444336,
            "count": 2254
        },
        "KeepWarm.Policy.Entropy.sum": {
            "value": 15023.44140625,
            "min": 7881.69775390625,
            "max": 23416.734375,
            "count": 2254
        },
        "KeepWarm.Environment.EpisodeLength.mean": {
            "value": 32.52684563758389,
            "min": 27.70487106017192,
            "max": 199.0,
            "count": 2254
        },
        "KeepWarm.Environment.EpisodeLength.sum": {
            "value": 9693.0,
            "min": 8505.0,
            "max": 10746.0,
            "count": 2254
        },
        "KeepWarm.Step.mean": {
            "value": 22539980.0,
            "min": 9800.0,
            "max": 22539980.0,
            "count": 2254
        },
        "KeepWarm.Step.sum": {
            "value": 22539980.0,
            "min": 9800.0,
            "max": 22539980.0,
            "count": 2254
        },
        "KeepWarm.Policy.ExtrinsicValueEstimate.mean": {
            "value": 101.20738983154297,
            "min": 1.126046061515808,
            "max": 106.37544250488281,
            "count": 2254
        },
        "KeepWarm.Policy.ExtrinsicValueEstimate.sum": {
            "value": 30159.802734375,
            "min": 188.0496826171875,
            "max": 32444.509765625,
            "count": 2254
        },
        "KeepWarm.Environment.CumulativeReward.mean": {
            "value": 449.4295302013423,
            "min": 7.095808383233533,
            "max": 490.63829787234044,
            "count": 2254
        },
        "KeepWarm.Environment.CumulativeReward.sum": {
            "value": 133930.0,
            "min": 470.0,
            "max": 141255.0,
            "count": 2254
        },
        "KeepWarm.Policy.ExtrinsicReward.mean": {
            "value": 449.4295302013423,
            "min": 7.095808383233533,
            "max": 490.63829787234044,
            "count": 2254
        },
        "KeepWarm.Policy.ExtrinsicReward.sum": {
            "value": 133930.0,
            "min": 470.0,
            "max": 141255.0,
            "count": 2254
        },
        "KeepWarm.IsTraining.mean": {
            "value": 1.0,
            "min": 1.0,
            "max": 1.0,
            "count": 2254
        },
        "KeepWarm.IsTraining.sum": {
            "value": 1.0,
            "min": 1.0,
            "max": 1.0,
            "count": 2254
        },
        "KeepWarm.Losses.PolicyLoss.mean": {
            "value": 0.06739403140551303,
            "min": 0.05767136476470114,
            "max": 0.08007590937900756,
            "count": 1373
        },
        "KeepWarm.Losses.PolicyLoss.sum": {
            "value": 0.06739403140551303,
            "min": 0.05767136476470114,
            "max": 0.08007590937900756,
            "count": 1373
        },
        "KeepWarm.Losses.ValueLoss.mean": {
            "value": 633.2706940174103,
            "min": 5.4109782504172905,
            "max": 1268.694791952769,
            "count": 1373
        },
        "KeepWarm.Losses.ValueLoss.sum": {
            "value": 633.2706940174103,
            "min": 5.4109782504172905,
            "max": 1268.694791952769,
            "count": 1373
        },
        "KeepWarm.Policy.LearningRate.mean": {
            "value": 0.00016482101105967802,
            "min": 0.00016482101105967802,
            "max": 0.0002998920000359999,
            "count": 1373
        },
        "KeepWarm.Policy.LearningRate.sum": {
            "value": 0.00016482101105967802,
            "min": 0.00016482101105967802,
            "max": 0.0002998920000359999,
            "count": 1373
        },
        "KeepWarm.Policy.Epsilon.mean": {
            "value": 0.15494032200000005,
            "min": 0.15494032200000005,
            "max": 0.199964,
            "count": 1373
        },
        "KeepWarm.Policy.Epsilon.sum": {
            "value": 0.15494032200000005,
            "min": 0.15494032200000005,
            "max": 0.199964,
            "count": 1373
        },
        "KeepWarm.Policy.Beta.mean": {
            "value": 0.0027515220678000006,
            "min": 0.0027515220678000006,
            "max": 0.0049982036,
            "count": 1373
        },
        "KeepWarm.Policy.Beta.sum": {
            "value": 0.0027515220678000006,
            "min": 0.0027515220678000006,
            "max": 0.0049982036,
            "count": 1373
        }
    },
    "metadata": {
        "timer_format_version": "0.1.0",
        "start_time_seconds": "1679335599",
        "python_version": "3.9.13 (tags/v3.9.13:6de2ca5, May 17 2022, 16:36:42) [MSC v.1929 64 bit (AMD64)]",
        "command_line_arguments": "C:\\Users\\QI\\MiniAdventureML\\venv\\Scripts\\mlagents-learn Config\\configuration_3Layers.yaml --run-id=ShortEpDistInfo",
        "mlagents_version": "0.30.0",
        "mlagents_envs_version": "0.30.0",
        "communication_protocol_version": "1.5.0",
        "pytorch_version": "1.7.1+cu110",
        "numpy_version": "1.21.2",
        "end_time_seconds": "1679389120"
    },
    "total": 53518.8935898,
    "count": 1,
    "self": 0.010994999996910337,
    "children": {
        "run_training.setup": {
            "total": 0.13676829999999995,
            "count": 1,
            "self": 0.13676829999999995
        },
        "TrainerController.start_learning": {
            "total": 53518.7458265,
            "count": 1,
            "self": 45.940565696269914,
            "children": {
                "TrainerController._reset_env": {
                    "total": 8.4302464,
                    "count": 1,
                    "self": 8.4302464
                },
                "TrainerController.advance": {
                    "total": 53464.19048870374,
                    "count": 2505198,
                    "self": 39.28957410021394,
                    "children": {
                        "env_step": {
                            "total": 34641.90504429645,
                            "count": 2505198,
                            "self": 17279.70229319858,
                            "children": {
                                "SubprocessEnvManager._take_step": {
                                    "total": 17332.340643798623,
                                    "count": 2505198,
                                    "self": 148.46592599817814,
                                    "children": {
                                        "TorchPolicy.evaluate": {
                                            "total": 17183.874717800445,
                                            "count": 2504763,
                                            "self": 17183.874717800445
                                        }
                                    }
                                },
                                "workers": {
                                    "total": 29.862107299244613,
                                    "count": 2505197,
                                    "self": 0.0,
                                    "children": {
                                        "worker_root": {
                                            "total": 53447.19150580542,
                                            "count": 2505197,
                                            "is_parallel": true,
                                            "self": 39046.811459705335,
                                            "children": {
                                                "steps_from_proto": {
                                                    "total": 0.0004875000000001961,
                                                    "count": 1,
                                                    "is_parallel": true,
                                                    "self": 0.0002694000000005303,