{
    "name": "root",
    "gauges": {
        "KeepWarm.Policy.Entropy.mean": {
            "value": 1.7355693578720093,
            "min": 1.7355693578720093,
            "max": 1.7355693578720093,
            "count": 1
        },
        "KeepWarm.Policy.Entropy.sum": {
            "value": 18744.1484375,
            "min": 18744.1484375,
            "max": 18744.1484375,
            "count": 1
        },
        "KeepWarm.Environment.EpisodeLength.mean": {
            "value": 98.62037037037037,
            "min": 98.62037037037037,
            "max": 98.62037037037037,
            "count": 1
        },
        "KeepWarm.Environment.EpisodeLength.sum": {
            "value": 10651.0,
            "min": 10651.0,
            "max": 10651.0,
            "count": 1
        },
        "KeepWarm.Step.mean": {
            "value": 9959.0,
            "min": 9959.0,
            "max": 9959.0,
            "count": 1
        },
        "KeepWarm.Step.sum": {
            "value": 9959.0,
            "min": 9959.0,
            "max": 9959.0,
            "count": 1
        },
        "KeepWarm.Policy.ExtrinsicValueEstimate.mean": {
            "value": 19.73090362548828,
            "min": 19.73090362548828,
            "max": 19.73090362548828,
            "count": 1
        },
        "KeepWarm.Policy.ExtrinsicValueEstimate.sum": {
            "value": 1973.09033203125,
            "min": 1973.09033203125,
            "max": 1973.09033203125,
            "count": 1
        },
        "KeepWarm.Environment.CumulativeReward.mean": {
            "value": 19.75,
            "min": 19.75,
            "max": 19.75,
            "count": 1
        },
        "KeepWarm.Environment.CumulativeReward.sum": {
            "value": 1975.0,
            "min": 1975.0,
            "max": 1975.0,
            "count": 1
        },
        "KeepWarm.Policy.ExtrinsicReward.mean": {
            "value": 19.75,
            "min": 19.75,
            "max": 19.75,
            "count": 1
        },
        "KeepWarm.Policy.ExtrinsicReward.sum": {
            "value": 1975.0,
            "min": 1975.0,
            "max": 1975.0,
            "count": 1
        },
        "KeepWarm.IsTraining.mean": {
            "value": 1.0,
            "min": 1.0,
            "max": 1.0,
            "count": 1
        },
        "KeepWarm.IsTraining.sum": {
            "value": 1.0,
            "min": 1.0,
            "max": 1.0,
            "count": 1
        }
    },
    "metadata": {
        "timer_format_version": "0.1.0",
        "start_time_seconds": "1679436635",
        "python_version": "3.9.13 (tags/v3.9.13:6de2ca5, May 17 2022, 16:36:42) [MSC v.1929 64 bit (AMD64)]",
        "command_line_arguments": "C:\\Users\\QI\\MiniAdventureML\\venv\\Scripts\\mlagents-learn Config\\configuration_3Layers.yaml --run-id=BigScoreForWin3Layer --force",
        "mlagents_version": "0.30.0",
        "mlagents_envs_version": "0.30.0",
        "communication_protocol_version": "1.5.0",
        "pytorch_version": "1.7.1+cu110",
        "numpy_version": "1.21.2",
        "end_time_seconds": "1679436693"
    },
    "total": 58.075104700000004,
    "count": 1,
    "self": 0.009123400000000004,
    "children": {
        "run_training.setup": {
            "total": 0.12464199999999992,
            "count": 1,
            "self": 0.12464199999999992
        },
        "TrainerController.start_learning": {
            "total": 57.9413393,
            "count": 1,
            "self": 0.025480500000014672,
            "children": {
                "TrainerController._reset_env": {
                    "total": 10.3671513,
                    "count": 1,
                    "self": 10.3671513
                },
                "TrainerController.advance": {
                    "total": 46.97102439999999,
                    "count": 1456,
                    "self": 0.02313769999986448,
                    "children": {
                        "env_step": {
                            "total": 46.25543950000009,
                            "count": 1456,
                            "self": 36.17508420000003,
                            "children": {
                                "SubprocessEnvManager._take_step": {
                                    "total": 10.064450100000055,
                                    "count": 1456,
                                    "self": 0.08179340000014612,
                                    "children": {
                                        "TorchPolicy.evaluate": {
                                            "total": 9.98265669999991,
                                            "count": 1451,
                                            "self": 9.98265669999991
                                        }
                                    }
                                },
                                "workers": {
                                    "total": 0.015905200000005948,
                                    "count": 1455,
                                    "self": 0.0,
                                    "children": {
                                        "worker_root": {
                                            "total": 20.785556500000055,
                                            "count": 1455,
                                            "is_parallel": true,
                                            "self": 13.668698500000094,
                                            "children": {
                                                "steps_from_proto": {
                                                    "total": 0.0005497000000005414,
                                                    "count": 1,
                                                    "is_parallel": true,
                                                    "self": 0.0003178000000030323,
                                                    "children": {
                                                        "_process_rank_one_or_two_observation": {
                                                            "total": 0.0002318999999975091,
                                                            "count": 2,
                                                            "is_parallel": true,
                                                            "self": 0.0002318999999975091
                                                        }
                                                    }
                                                },
                                                "UnityEnvironment.step": {
                                                    "total": 7.116308299999961,
                                                    "count": 1455,
                                                    "is_parallel": true,
                                                    "self": 0.16784090000004248,
                                                    "children": {
                                                        "UnityEnvironment._generate_step_input": {
                                                            "total": 0.246301699999961,
                                                            "count": 1455,
                                                            "is_parallel": true,
                                                            "self": 0.246301699999961
                                                        },
                                                        "communicator.exchange": {
                                                            "total": 6.125127700000036,
                                                            "count": 1455,
                                                            "is_parallel": true,
                                                            "self": 6.125127700000036
                                                        },