{
    "name": "root",
    "gauges": {
        "KeepWarm.Policy.Entropy.mean": {
            "value": 2.469123601913452,
            "min": 2.2521004676818848,
            "max": 2.904860019683838,
            "count": 459
        },
        "KeepWarm.Policy.Entropy.sum": {
            "value": 24466.546875,
            "min": 2614.3740234375,
            "max": 28560.08984375,
            "count": 459
        },
        "KeepWarm.Step.mean": {
            "value": 6939926.0,
            "min": 2359969.0,
            "max": 6939926.0,
            "count": 459
        },
        "KeepWarm.Step.sum": {
            "value": 6939926.0,
            "min": 2359969.0,
            "max": 6939926.0,
            "count": 459
        },
        "KeepWarm.Policy.ExtrinsicValueEstimate.mean": {
            "value": -1.0866237878799438,
            "min": -3.467207908630371,
            "max": 2.6247267723083496,
            "count": 459
        },
        "KeepWarm.Policy.ExtrinsicValueEstimate.sum": {
            "value": -108.6623764038086,
            "min": -353.65521240234375,
            "max": 265.097412109375,
            "count": 459
        },
        "KeepWarm.IsTraining.mean": {
            "value": 1.0,
            "min": 1.0,
            "max": 1.0,
            "count": 459
        },
        "KeepWarm.IsTraining.sum": {
            "value": 1.0,
            "min": 1.0,
            "max": 1.0,
            "count": 459
        },
        "KeepWarm.Environment.EpisodeLength.mean": {
            "value": 405.76,
            "min": 399.0,
            "max": 973.8,
            "count": 458
        },
        "KeepWarm.Environment.EpisodeLength.sum": {
            "value": 10144.0,
            "min": 7238.0,
            "max": 19583.0,
            "count": 458
        },
        "KeepWarm.Environment.CumulativeReward.mean": {
            "value": -66.9,
            "min": -136.41666666666666,
            "max": 186.04761904761904,
            "count": 458
        },
        "KeepWarm.Environment.CumulativeReward.sum": {
            "value": -1672.5,
            "min": -3387.0,
            "max": 3907.0,
            "count": 458
        },
        "KeepWarm.Policy.ExtrinsicReward.mean": {
            "value": -66.9,
            "min": -136.41666666666666,
            "max": 186.04761904761904,
            "count": 458
        },
        "KeepWarm.Policy.ExtrinsicReward.sum": {
            "value": -1672.5,
            "min": -3387.0,
            "max": 3907.0,
            "count": 458
        },
        "KeepWarm.Losses.PolicyLoss.mean": {
            "value": 0.07114117155939918,
            "min": 0.06401971591166482,
            "max": 0.07655077379884763,
            "count": 278
        },
        "KeepWarm.Losses.PolicyLoss.sum": {
            "value": 0.07114117155939918,
            "min": 0.06401971591166482,
            "max": 0.07655077379884763,
            "count": 278
        },
        "KeepWarm.Losses.ValueLoss.mean": {
            "value": 14.877298209816217,
            "min": 8.410815839034816,
            "max": 30.51110045115153,
            "count": 278
        },
        "KeepWarm.Losses.ValueLoss.sum": {
            "value": 14.877298209816217,
            "min": 8.410815839034816,
            "max": 30.51110045115153,
            "count": 278
        },
        "KeepWarm.Policy.LearningRate.mean": {
            "value": 0.000258426871857714,
            "min": 0.000258426871857714,
            "max": 0.00028574341675219594,
            "count": 278
        },
        "KeepWarm.Policy.LearningRate.sum": {
            "value": 0.000258426871857714,
            "min": 0.000258426871857714,
            "max": 0.00028574341675219594,
            "count": 278
        },
        "KeepWarm.Policy.Epsilon.mean": {
            "value": 0.18614228599999996,
            "min": 0.18614228599999996,
            "max": 0.19524780400000008,
            "count": 278
        },
        "KeepWarm.Policy.Epsilon.sum": {
            "value": 0.18614228599999996,
            "min": 0.18614228599999996,
            "max": 0.19524780400000008,
            "count": 278
        },
        "KeepWarm.Policy.Beta.mean": {
            "value": 0.004308500071400001,
            "min": 0.004308500071400001,
            "max": 0.0047628654195999995,
            "count": 278
        },
        "KeepWarm.Policy.Beta.sum": {
            "value": 0.004308500071400001,
            "min": 0.004308500071400001,
            "max": 0.0047628654195999995,
            "count": 278
        }
    },
    "metadata": {
        "timer_format_version": "0.1.0",
        "start_time_seconds": "1678098354",
        "python_version": "3.9.13 (tags/v3.9.13:6de2ca5, May 17 2022, 16:36:42) [MSC v.1929 64 bit (AMD64)]",
        "command_line_arguments": "C:\\Users\\QI\\MiniAdventureML\\venv\\Scripts\\mlagents-learn Config\\configuration.yaml --env=ServerBuild\\MiniAdventureML.exe --run-id=Test2 --resume --no-graphics",
        "mlagents_version": "0.30.0",
        "mlagents_envs_version": "0.30.0",
        "communication_protocol_version": "1.5.0",
        "pytorch_version": "1.7.1+cu110",
        "numpy_version": "1.21.2",
        "end_time_seconds": "1678105380"
    },
    "total": 7024.7362503,
    "count": 1,
    "self": 0.1890242000008584,
    "children": {
        "run_training.setup": {
            "total": 0.11748930000000013,
            "count": 1,
            "self": 0.11748930000000013
        },
        "TrainerController.start_learning": {
            "total": 7024.4297368,
            "count": 1,
            "self": 9.503701799849296,
            "children": {
                "TrainerController._reset_env": {
                    "total": 5.8892188,
                    "count": 1,
                    "self": 5.8892188
                },
                "TrainerController.advance": {
                    "total": 7008.86383240015,
                    "count": 509473,
                    "self": 8.783870300047056,
                    "children": {
                        "env_step": {
                            "total": 4186.151360000057,
                            "count": 509473,
                            "self": 1616.2345105997383,
                            "children": {
                                "SubprocessEnvManager._take_step": {
                                    "total": 2563.837345000072,
                                    "count": 509473,
                                    "self": 32.4192429000168,
                                    "children": {
                                        "TorchPolicy.evaluate": {
                                            "total": 2531.4181021000554,
                                            "count": 509433,
                                            "self": 2531.4181021000554
                                        }
                                    }
                                },
                                "workers": {
                                    "total": 6.079504400246451,
                                    "count": 509472,
                                    "self": 0.0,
                                    "children": {
                                        "worker_root": {
                                            "total": 7006.823746300014,
                                            "count": 509472,
                                            "is_parallel": true,
                                            "self": 5980.720126499949,
                                            "children": {
                                                "steps_from_proto": {
                                                    "total": 0.00040759999999995244,
                                                    "count": 1,
                                                    "is_parallel": true,
                                                    "self": 0.00018159999999944887,