{
    "name": "root",
    "gauges": {
        "KeepWarm.Policy.Entropy.mean": {
            "value": 2.8094356060028076,
            "min": 2.8094356060028076,
            "max": 2.961738348007202,
            "count": 4
        },
        "KeepWarm.Policy.Entropy.sum": {
            "value": 28948.423828125,
            "min": 27977.45703125,
            "max": 31406.29296875,
            "count": 4
        },
        "KeepWarm.Step.mean": {
            "value": 39952.0,
            "min": 9928.0,
            "max": 39952.0,
            "count": 4
        },
        "KeepWarm.Step.sum": {
            "value": 39952.0,
            "min": 9928.0,
            "max": 39952.0,
            "count": 4
        },
        "KeepWarm.Policy.ExtrinsicValueEstimate.mean": {
            "value": -42.65946578979492,
            "min": -42.65946578979492,
            "max": 0.0471363365650177,
            "count": 4
        },
        "KeepWarm.Policy.ExtrinsicValueEstimate.sum": {
            "value": -4393.9248046875,
            "min": -4393.9248046875,
            "max": 4.7136335372924805,
            "count": 4
        },
        "KeepWarm.Environment.EpisodeLength.mean": {
            "value": 405.4347826086956,
            "min": 394.5,
            "max": 405.4347826086956,
            "count": 4
        },
        "KeepWarm.Environment.EpisodeLength.sum": {
            "value": 9325.0,
            "min": 6312.0,
            "max": 12640.0,
            "count": 4
        },
        "KeepWarm.Environment.CumulativeReward.mean": {
            "value": -1837.8,
            "min": -4128.1875,
            "max": -1837.8,
            "count": 4
        },
        "KeepWarm.Environment.CumulativeReward.sum": {
            "value": -45945.0,
            "min": -78485.0,
            "max": -45945.0,
            "count": 4
        },
        "KeepWarm.Policy.ExtrinsicReward.mean": {
            "value": -1837.8,
            "min": -4128.1875,
            "max": -1837.8,
            "count": 4
        },
        "KeepWarm.Policy.ExtrinsicReward.sum": {
            "value": -45945.0,
            "min": -78485.0,
            "max": -45945.0,
            "count": 4
        },
        "KeepWarm.IsTraining.mean": {
            "value": 1.0,
            "min": 1.0,
            "max": 1.0,
            "count": 4
        },
        "KeepWarm.IsTraining.sum": {
            "value": 1.0,
            "min": 1.0,
            "max": 1.0,
            "count": 4
        },
        "KeepWarm.Losses.PolicyLoss.mean": {
            "value": 0.07491857207166201,
            "min": 0.0696994381929518,
            "max": 0.07491857207166201,
            "count": 2
        },
        "KeepWarm.Losses.PolicyLoss.sum": {
            "value": 0.07491857207166201,
            "min": 0.0696994381929518,
            "max": 0.07491857207166201,
            "count": 2
        },
        "KeepWarm.Losses.ValueLoss.mean": {
            "value": 178.58563743034998,
            "min": 178.58563743034998,
            "max": 369.89764412121895,
            "count": 2
        },
        "KeepWarm.Losses.ValueLoss.sum": {
            "value": 178.58563743034998,
            "min": 178.58563743034998,
            "max": 369.89764412121895,
            "count": 2
        },
        "KeepWarm.Policy.LearningRate.mean": {
            "value": 0.00029980152006615993,
            "min": 0.00029980152006615993,
            "max": 0.00029990001603332796,
            "count": 2
        },
        "KeepWarm.Policy.LearningRate.sum": {
            "value": 0.00029980152006615993,
            "min": 0.00029980152006615993,
            "max": 0.00029990001603332796,
            "count": 2
        },
        "KeepWarm.Policy.Epsilon.mean": {
            "value": 0.19993383999999995,
            "min": 0.19993383999999995,
            "max": 0.19996667199999998,
            "count": 2
        },
        "KeepWarm.Policy.Epsilon.sum": {
            "value": 0.19993383999999995,
            "min": 0.19993383999999995,
            "max": 0.19996667199999998,
            "count": 2
        },
        "KeepWarm.Policy.Beta.mean": {
            "value": 0.004996698616000001,
            "min": 0.004996698616000001,
            "max": 0.004998336932800001,
            "count": 2
        },
        "KeepWarm.Policy.Beta.sum": {
            "value": 0.004996698616000001,
            "min": 0.004996698616000001,
            "max": 0.004998336932800001,
            "count": 2
        }
    },
    "metadata": {
        "timer_format_version": "0.1.0",
        "start_time_seconds": "1678195888",
        "python_version": "3.9.13 (tags/v3.9.13:6de2ca5, May 17 2022, 16:36:42) [MSC v.1929 64 bit (AMD64)]",
        "command_line_arguments": "C:\\Users\\QI\\MiniAdventureML\\venv\\Scripts\\mlagents-learn Config\\configuration_3Layers.yaml --run-id=TestNewRewards",
        "mlagents_version": "0.30.0",
        "mlagents_envs_version": "0.30.0",
        "communication_protocol_version": "1.5.0",
        "pytorch_version": "1.7.1+cu110",
        "numpy_version": "1.21.2",
        "end_time_seconds": "1678196090"
    },
    "total": 202.3370704,
    "count": 1,
    "self": 0.008977799999996705,
    "children": {
        "run_training.setup": {
            "total": 0.1566539,
            "count": 1,
            "self": 0.1566539
        },
        "TrainerController.start_learning": {
            "total": 202.17143869999998,
            "count": 1,
            "self": 0.11362069999975688,
            "children": {
                "TrainerController._reset_env": {
                    "total": 8.9887993,
                    "count": 1,
                    "self": 8.9887993
                },
                "TrainerController.advance": {
                    "total": 192.9516424000002,
                    "count": 6296,
                    "self": 0.0983992000007845,
                    "children": {
                        "env_step": {
                            "total": 162.87352219999957,
                            "count": 6296,
                            "self": 131.85370279999916,
                            "children": {
                                "SubprocessEnvManager._take_step": {
                                    "total": 30.947040300000335,
                                    "count": 6297,
                                    "self": 0.38253829999979416,
                                    "children": {
                                        "TorchPolicy.evaluate": {
                                            "total": 30.56450200000054,
                                            "count": 6282,
                                            "self": 30.56450200000054
                                        }
                                    }
                                },
                                "workers": {
                                    "total": 0.07277910000007815,
                                    "count": 6295,
                                    "self": 0.0,
                                    "children": {
                                        "worker_root": {
                                            "total": 119.89377689999968,
                                            "count": 6295,
                                            "is_parallel": true,
                                            "self": 69.80598529999995,
                                            "children": {
                                                "steps_from_proto": {
                                                    "total": 0.0010079000000002836,
                                                    "count": 2,
                                                    "is_parallel": true,
                                                    "self": 0.0004509000000014751,