{
    "name": "root",
    "gauges": {
        "KeepWarm.Policy.Entropy.mean": {
            "value": 0.8221365809440613,
            "min": 0.36959245800971985,
            "max": 3.037492275238037,
            "count": 3650
        },
        "KeepWarm.Policy.Entropy.sum": {
            "value": 8168.7490234375,
            "min": 3683.953369140625,
            "max": 32431.1484375,
            "count": 3650
        },
        "KeepWarm.Step.mean": {
            "value": 36499905.0,
            "min": 9900.0,
            "max": 36499905.0,
            "count": 3650
        },
        "KeepWarm.Step.sum": {
            "value": 36499905.0,
            "min": 9900.0,
            "max": 36499905.0,
            "count": 3650
        },
        "KeepWarm.Policy.ExtrinsicValueEstimate.mean": {
            "value": -0.8575482964515686,
            "min": -4.101332187652588,
            "max": 5.386323928833008,
            "count": 3650
        },
        "KeepWarm.Policy.ExtrinsicValueEstimate.sum": {
            "value": -85.75482940673828,
            "min": -422.4372253417969,
            "max": 538.6323852539062,
            "count": 3650
        },
        "KeepWarm.Environment.EpisodeLength.mean": {
            "value": 399.0,
            "min": 398.75,
            "max": 333431.0,
            "count": 3601
        },
        "KeepWarm.Environment.EpisodeLength.sum": {
            "value": 5985.0,
            "min": 399.0,
            "max": 672611.0,
            "count": 3601
        },
        "KeepWarm.Environment.CumulativeReward.mean": {
            "value": -41.266666666666666,
            "min": -150.0,
            "max": 976.0,
            "count": 3599
        },
        "KeepWarm.Environment.CumulativeReward.sum": {
            "value": -619.0,
            "min": -3510.0,
            "max": 4357.5,
            "count": 3599
        },
        "KeepWarm.Policy.ExtrinsicReward.mean": {
            "value": -41.266666666666666,
            "min": -150.0,
            "max": 976.0,
            "count": 3599
        },
        "KeepWarm.Policy.ExtrinsicReward.sum": {
            "value": -619.0,
            "min": -3510.0,
            "max": 4357.5,
            "count": 3599
        },
        "KeepWarm.IsTraining.mean": {
            "value": 1.0,
            "min": 1.0,
            "max": 1.0,
            "count": 3650
        },
        "KeepWarm.IsTraining.sum": {
            "value": 1.0,
            "min": 1.0,
            "max": 1.0,
            "count": 3650
        },
        "KeepWarm.Losses.PolicyLoss.mean": {
            "value": 0.07126876397031386,
            "min": 0.02064798415434173,
            "max": 0.07895951054539789,
            "count": 2221
        },
        "KeepWarm.Losses.PolicyLoss.sum": {
            "value": 0.07126876397031386,
            "min": 0.02064798415434173,
            "max": 0.07895951054539789,
            "count": 2221
        },
        "KeepWarm.Losses.ValueLoss.mean": {
            "value": 7.878673711481194,
            "min": 1.2746748304648392e-06,
            "max": 62.64978619386678,
            "count": 2221
        },
        "KeepWarm.Losses.ValueLoss.sum": {
            "value": 7.878673711481194,
            "min": 1.2746748304648392e-06,
            "max": 62.64978619386678,
            "count": 2221
        },
        "KeepWarm.Policy.LearningRate.mean": {
            "value": 8.109244296921e-05,
            "min": 8.109244296921e-05,
            "max": 0.0002998974000342,
            "count": 2221
        },
        "KeepWarm.Policy.LearningRate.sum": {
            "value": 8.109244296921e-05,
            "min": 8.109244296921e-05,
            "max": 0.0002998974000342,
            "count": 2221
        },
        "KeepWarm.Policy.Epsilon.mean": {
            "value": 0.12703079000000003,
            "min": 0.12703079000000003,
            "max": 0.19996580000000003,
            "count": 2221
        },
        "KeepWarm.Policy.Epsilon.sum": {
            "value": 0.12703079000000003,
            "min": 0.12703079000000003,
            "max": 0.19996580000000003,
            "count": 2221
        },
        "KeepWarm.Policy.Beta.mean": {
            "value": 0.0013588364210000007,
            "min": 0.0013588364210000007,
            "max": 0.004998293420000001,
            "count": 2221
        },
        "KeepWarm.Policy.Beta.sum": {
            "value": 0.0013588364210000007,
            "min": 0.0013588364210000007,
            "max": 0.004998293420000001,
            "count": 2221
        }
    },
    "metadata": {
        "timer_format_version": "0.1.0",
        "start_time_seconds": "1678105414",
        "python_version": "3.9.13 (tags/v3.9.13:6de2ca5, May 17 2022, 16:36:42) [MSC v.1929 64 bit (AMD64)]",
        "command_line_arguments": "C:\\Users\\QI\\MiniAdventureML\\venv\\Scripts\\mlagents-learn Config\\configuration_2Layers.yaml --env=ServerBuild\\MiniAdventureML.exe --run-id=2Layers --no-graphics",
        "mlagents_version": "0.30.0",
        "mlagents_envs_version": "0.30.0",
        "communication_protocol_version": "1.5.0",
        "pytorch_version": "1.7.1+cu110",
        "numpy_version": "1.21.2",
        "end_time_seconds": "1678191909"
    },
    "total": 86495.5739824,
    "count": 1,
    "self": 0.09425080000073649,
    "children": {
        "run_training.setup": {
            "total": 0.1267145999999999,
            "count": 1,
            "self": 0.1267145999999999
        },
        "TrainerController.start_learning": {
            "total": 86495.353017,
            "count": 1,
            "self": 73.20290209345694,
            "children": {
                "TrainerController._reset_env": {
                    "total": 4.5115726,
                    "count": 1,
                    "self": 4.5115726
                },
                "TrainerController.advance": {
                    "total": 86417.30093030655,
                    "count": 4055832,
                    "self": 64.1993006147386,
                    "children": {
                        "env_step": {
                            "total": 32062.422362900106,
                            "count": 4055832,
                            "self": 12727.335246807474,
                            "children": {
                                "SubprocessEnvManager._take_step": {
                                    "total": 19287.207680786476,
                                    "count": 4055832,
                                    "self": 244.37051778655223,
                                    "children": {
                                        "TorchPolicy.evaluate": {
                                            "total": 19042.837162999924,
                                            "count": 4055729,
                                            "self": 19042.837162999924
                                        }
                                    }
                                },
                                "workers": {
                                    "total": 47.87943530615544,
                                    "count": 4055832,
                                    "self": 0.0,
                                    "children": {
                                        "worker_root": {
                                            "total": 86387.68956100287,
                                            "count": 4055832,
                                            "is_parallel": true,
                                            "self": 78290.3251465988,
                                            "children": {
                                                "steps_from_proto": {
                                                    "total": 0.0004291999999996854,
                                                    "count": 1,
                                                    "is_parallel": true,
                                                    "self": 0.00018959999999923483,