{
    "name": "root",
    "gauges": {
        "KeepWarm.Policy.Entropy.mean": {
            "value": 1.8942365646362305,
            "min": 1.8251405954360962,
            "max": 2.7739460468292236,
            "count": 292
        },
        "KeepWarm.Policy.Entropy.sum": {
            "value": 19162.09765625,
            "min": 18025.30859375,
            "max": 28959.99609375,
            "count": 292
        },
        "KeepWarm.Environment.EpisodeLength.mean": {
            "value": 65.0728476821192,
            "min": 54.6243093922652,
            "max": 90.17272727272727,
            "count": 292
        },
        "KeepWarm.Environment.EpisodeLength.sum": {
            "value": 9826.0,
            "min": 9668.0,
            "max": 9988.0,
            "count": 292
        },
        "KeepWarm.Step.mean": {
            "value": 2919947.0,
            "min": 9929.0,
            "max": 2919947.0,
            "count": 292
        },
        "KeepWarm.Step.sum": {
            "value": 2919947.0,
            "min": 9929.0,
            "max": 2919947.0,
            "count": 292
        },
        "KeepWarm.Policy.ExtrinsicValueEstimate.mean": {
            "value": 2596.98828125,
            "min": 5.834605693817139,
            "max": 3236.17138671875,
            "count": 292
        },
        "KeepWarm.Policy.ExtrinsicValueEstimate.sum": {
            "value": 392145.21875,
            "min": 635.9720458984375,
            "max": 585747.0,
            "count": 292
        },
        "KeepWarm.Environment.CumulativeReward.mean": {
            "value": 14035.960264900663,
            "min": 6679.183486238532,
            "max": 18395.7182320442,
            "count": 292
        },
        "KeepWarm.Environment.CumulativeReward.sum": {
            "value": 2119430.0,
            "min": 728031.0,
            "max": 3329625.0,
            "count": 292
        },
        "KeepWarm.Policy.ExtrinsicReward.mean": {
            "value": 14035.960264900663,
            "min": 6679.183486238532,
            "max": 18395.7182320442,
            "count": 292
        },
        "KeepWarm.Policy.ExtrinsicReward.sum": {
            "value": 2119430.0,
            "min": 728031.0,
            "max": 3329625.0,
            "count": 292
        },
        "KeepWarm.IsTraining.mean": {
            "value": 1.0,
            "min": 1.0,
            "max": 1.0,
            "count": 292
        },
        "KeepWarm.IsTraining.sum": {
            "value": 1.0,
            "min": 1.0,
            "max": 1.0,
            "count": 292
        },
        "KeepWarm.Losses.PolicyLoss.mean": {
            "value": 0.06975201113618823,
            "min": 0.062303471139027046,
            "max": 0.07849264247837102,
            "count": 177
        },
        "KeepWarm.Losses.PolicyLoss.sum": {
            "value": 0.06975201113618823,
            "min": 0.062303471139027046,
            "max": 0.07849264247837102,
            "count": 177
        },
        "KeepWarm.Losses.ValueLoss.mean": {
            "value": 5443380.234375,
            "min": 5062650.325520833,
            "max": 14787327.241536459,
            "count": 177
        },
        "KeepWarm.Losses.ValueLoss.sum": {
            "value": 5443380.234375,
            "min": 5062650.325520833,
            "max": 14787327.241536459,
            "count": 177
        },
        "KeepWarm.Policy.LearningRate.mean": {
            "value": 0.00028255253981582197,
            "min": 0.00028255253981582197,
            "max": 0.00029990139003287003,
            "count": 177
        },
        "KeepWarm.Policy.LearningRate.sum": {
            "value": 0.00028255253981582197,
            "min": 0.00028255253981582197,
            "max": 0.00029990139003287003,
            "count": 177
        },
        "KeepWarm.Policy.Epsilon.mean": {
            "value": 0.194184178,
            "min": 0.194184178,
            "max": 0.19996713000000008,
            "count": 177
        },
        "KeepWarm.Policy.Epsilon.sum": {
            "value": 0.194184178,
            "min": 0.194184178,
            "max": 0.19996713000000008,
            "count": 177
        },
        "KeepWarm.Policy.Beta.mean": {
            "value": 0.0047097904822,
            "min": 0.0047097904822,
            "max": 0.004998359787000001,
            "count": 177
        },
        "KeepWarm.Policy.Beta.sum": {
            "value": 0.0047097904822,
            "min": 0.0047097904822,
            "max": 0.004998359787000001,
            "count": 177
        }
    },
    "metadata": {
        "timer_format_version": "0.1.0",
        "start_time_seconds": "1679415404",
        "python_version": "3.9.13 (tags/v3.9.13:6de2ca5, May 17 2022, 16:36:42) [MSC v.1929 64 bit (AMD64)]",
        "command_line_arguments": "C:\\Users\\QI\\MiniAdventureML\\venv\\Scripts\\mlagents-learn Config\\configuration_3Layers.yaml --run-id=FullState",
        "mlagents_version": "0.30.0",
        "mlagents_envs_version": "0.30.0",
        "communication_protocol_version": "1.5.0",
        "pytorch_version": "1.7.1+cu110",
        "numpy_version": "1.21.2",
        "end_time_seconds": "1679422281"
    },
    "total": 6877.3808111,
    "count": 1,
    "self": 0.013677500000085274,
    "children": {
        "run_training.setup": {
            "total": 0.12261729999999993,
            "count": 1,
            "self": 0.12261729999999993
        },
        "TrainerController.start_learning": {
            "total": 6877.2445163,
            "count": 1,
            "self": 6.666896800155882,
            "children": {
                "TrainerController._reset_env": {
                    "total": 13.8976781,
                    "count": 1,
                    "self": 13.8976781
                },
                "TrainerController.advance": {
                    "total": 6856.501011399844,
                    "count": 366291,
                    "self": 5.735371899900201,
                    "children": {
                        "env_step": {
                            "total": 4744.330414999925,
                            "count": 366291,
                            "self": 2430.4745236999624,
                            "children": {
                                "SubprocessEnvManager._take_step": {
                                    "total": 2309.4695788000918,
                                    "count": 366291,
                                    "self": 22.10528309983374,
                                    "children": {
                                        "TorchPolicy.evaluate": {
                                            "total": 2287.364295700258,
                                            "count": 324961,
                                            "self": 2287.364295700258
                                        }
                                    }
                                },
                                "workers": {
                                    "total": 4.386312499870435,
                                    "count": 366291,
                                    "self": 0.0,
                                    "children": {
                                        "worker_root": {
                                            "total": 6850.941993000048,
                                            "count": 366291,
                                            "is_parallel": true,
                                            "self": 4860.466146900335,
                                            "children": {
                                                "steps_from_proto": {
                                                    "total": 0.0005753000000012776,
                                                    "count": 1,
                                                    "is_parallel": true,
                                                    "self": 0.0002911000000000996,