{
    "name": "root",
    "gauges": {
        "KeepWarm.Policy.Entropy.mean": {
            "value": 2.0108394622802734,
            "min": 2.0108394622802734,
            "max": 3.445819139480591,
            "count": 80
        },
        "KeepWarm.Policy.Entropy.sum": {
            "value": 20070.1875,
            "min": 20070.1875,
            "max": 35114.37890625,
            "count": 80
        },
        "KeepWarm.Environment.EpisodeLength.mean": {
            "value": 7.889086069210292,
            "min": 7.726872246696035,
            "max": 86.6608695652174,
            "count": 80
        },
        "KeepWarm.Environment.EpisodeLength.sum": {
            "value": 8891.0,
            "min": 8770.0,
            "max": 9966.0,
            "count": 80
        },
        "KeepWarm.Step.mean": {
            "value": 799995.0,
            "min": 9982.0,
            "max": 799995.0,
            "count": 80
        },
        "KeepWarm.Step.sum": {
            "value": 799995.0,
            "min": 9982.0,
            "max": 799995.0,
            "count": 80
        },
        "KeepWarm.Policy.ExtrinsicValueEstimate.mean": {
            "value": 6028.67578125,
            "min": 0.11703023314476013,
            "max": 6032.51806640625,
            "count": 80
        },
        "KeepWarm.Policy.ExtrinsicValueEstimate.sum": {
            "value": 6788289.0,
            "min": 13.341446876525879,
            "max": 6846908.0,
            "count": 80
        },
        "KeepWarm.Environment.CumulativeReward.mean": {
            "value": 9642.895204262877,
            "min": 2139.4736842105262,
            "max": 9651.894273127753,
            "count": 80
        },
        "KeepWarm.Environment.CumulativeReward.sum": {
            "value": 10857900.0,
            "min": 243900.0,
            "max": 10954900.0,
            "count": 80
        },
        "KeepWarm.Policy.ExtrinsicReward.mean": {
            "value": 9642.895204262877,
            "min": 2139.4736842105262,
            "max": 9651.894273127753,
            "count": 80
        },
        "KeepWarm.Policy.ExtrinsicReward.sum": {
            "value": 10857900.0,
            "min": 243900.0,
            "max": 10954900.0,
            "count": 80
        },
        "KeepWarm.IsTraining.mean": {
            "value": 1.0,
            "min": 1.0,
            "max": 1.0,
            "count": 80
        },
        "KeepWarm.IsTraining.sum": {
            "value": 1.0,
            "min": 1.0,
            "max": 1.0,
            "count": 80
        },
        "KeepWarm.Losses.PolicyLoss.mean": {
            "value": 0.07276004619484411,
            "min": 0.0650168773789422,
            "max": 0.07553127429423512,
            "count": 48
        },
        "KeepWarm.Losses.PolicyLoss.sum": {
            "value": 0.07276004619484411,
            "min": 0.0650168773789422,
            "max": 0.07553127429423512,
            "count": 48
        },
        "KeepWarm.Losses.ValueLoss.mean": {
            "value": 1274497.1490885417,
            "min": 597700.947652181,
            "max": 2046520.2981770833,
            "count": 48
        },
        "KeepWarm.Losses.ValueLoss.sum": {
            "value": 1274497.1490885417,
            "min": 597700.947652181,
            "max": 2046520.2981770833,
            "count": 48
        },
        "KeepWarm.Policy.LearningRate.mean": {
            "value": 0.000295272319575894,
            "min": 0.000295272319575894,
            "max": 0.00029990155203281604,
            "count": 48
        },
        "KeepWarm.Policy.LearningRate.sum": {
            "value": 0.000295272319575894,
            "min": 0.000295272319575894,
            "max": 0.00029990155203281604,
            "count": 48
        },
        "KeepWarm.Policy.Epsilon.mean": {
            "value": 0.19842410600000002,
            "min": 0.19842410600000002,
            "max": 0.19996718400000005,
            "count": 48
        },
        "KeepWarm.Policy.Epsilon.sum": {
            "value": 0.19842410600000002,
            "min": 0.19842410600000002,
            "max": 0.19996718400000005,
            "count": 48
        },
        "KeepWarm.Policy.Beta.mean": {
            "value": 0.004921362889399999,
            "min": 0.004921362889399999,
            "max": 0.0049983624816000004,
            "count": 48
        },
        "KeepWarm.Policy.Beta.sum": {
            "value": 0.004921362889399999,
            "min": 0.004921362889399999,
            "max": 0.0049983624816000004,
            "count": 48
        }
    },
    "metadata": {
        "timer_format_version": "0.1.0",
        "start_time_seconds": "1679051824",
        "python_version": "3.9.13 (tags/v3.9.13:6de2ca5, May 17 2022, 16:36:42) [MSC v.1929 64 bit (AMD64)]",
        "command_line_arguments": "C:\\Users\\QI\\MiniAdventureML\\venv\\Scripts\\mlagents-learn --run-id=TestIfBlind Config\\configuration_3Layers.yaml --force",
        "mlagents_version": "0.30.0",
        "mlagents_envs_version": "0.30.0",
        "communication_protocol_version": "1.5.0",
        "pytorch_version": "1.7.1+cu110",
        "numpy_version": "1.21.2",
        "end_time_seconds": "1679053568"
    },
    "total": 1743.8363560999999,
    "count": 1,
    "self": 0.011227699999608376,
    "children": {
        "run_training.setup": {
            "total": 0.11861990000000011,
            "count": 1,
            "self": 0.11861990000000011
        },
        "TrainerController.start_learning": {
            "total": 1743.7065085000002,
            "count": 1,
            "self": 2.0668138000089584,
            "children": {
                "TrainerController._reset_env": {
                    "total": 6.8302259,
                    "count": 1,
                    "self": 6.8302259
                },
                "TrainerController.advance": {
                    "total": 1734.6401695999912,
                    "count": 113381,
                    "self": 1.7915250999208183,
                    "children": {
                        "env_step": {
                            "total": 1144.8242266000289,
                            "count": 113381,
                            "self": 553.8104873000148,
                            "children": {
                                "SubprocessEnvManager._take_step": {
                                    "total": 589.7202896000019,
                                    "count": 113381,
                                    "self": 6.007719700028474,
                                    "children": {
                                        "TorchPolicy.evaluate": {
                                            "total": 583.7125698999735,
                                            "count": 89380,
                                            "self": 583.7125698999735
                                        }
                                    }
                                },
                                "workers": {
                                    "total": 1.2934497000121592,
                                    "count": 113381,
                                    "self": 0.0,
                                    "children": {
                                        "worker_root": {
                                            "total": 1732.2172903999863,
                                            "count": 113381,
                                            "is_parallel": true,
                                            "self": 1304.4849452999815,
                                            "children": {
                                                "steps_from_proto": {
                                                    "total": 0.0005169000000000423,
                                                    "count": 1,
                                                    "is_parallel": true,
                                                    "self": 0.00028730000000010136,