{
    "name": "root",
    "gauges": {
        "KeepWarm.Policy.Entropy.mean": {
            "value": 2.354006767272949,
            "min": 1.526444911956787,
            "max": 2.5243611335754395,
            "count": 123
        },
        "KeepWarm.Policy.Entropy.sum": {
            "value": 23389.412109375,
            "min": 15111.8046875,
            "max": 25422.841796875,
            "count": 123
        },
        "KeepWarm.Environment.EpisodeLength.mean": {
            "value": 65.74666666666667,
            "min": 58.94011976047904,
            "max": 99.0,
            "count": 123
        },
        "KeepWarm.Environment.EpisodeLength.sum": {
            "value": 9862.0,
            "min": 9751.0,
            "max": 10692.0,
            "count": 123
        },
        "KeepWarm.Step.mean": {
            "value": 1229920.0,
            "min": 9991.0,
            "max": 1229920.0,
            "count": 123
        },
        "KeepWarm.Step.sum": {
            "value": 1229920.0,
            "min": 9991.0,
            "max": 1229920.0,
            "count": 123
        },
        "KeepWarm.Policy.ExtrinsicValueEstimate.mean": {
            "value": 1856.5592041015625,
            "min": -1.7695667743682861,
            "max": 2645.225341796875,
            "count": 123
        },
        "KeepWarm.Policy.ExtrinsicValueEstimate.sum": {
            "value": 278483.875,
            "min": -176.95668029785156,
            "max": 410009.9375,
            "count": 123
        },
        "KeepWarm.Environment.CumulativeReward.mean": {
            "value": 15741.866666666667,
            "min": -24.85,
            "max": 19426.91616766467,
            "count": 123
        },
        "KeepWarm.Environment.CumulativeReward.sum": {
            "value": 2361280.0,
            "min": -2485.0,
            "max": 3244295.0,
            "count": 123
        },
        "KeepWarm.Policy.ExtrinsicReward.mean": {
            "value": 15741.866666666667,
            "min": -24.85,
            "max": 19426.91616766467,
            "count": 123
        },
        "KeepWarm.Policy.ExtrinsicReward.sum": {
            "value": 2361280.0,
            "min": -2485.0,
            "max": 3244295.0,
            "count": 123
        },
        "KeepWarm.IsTraining.mean": {
            "value": 1.0,
            "min": 1.0,
            "max": 1.0,
            "count": 123
        },
        "KeepWarm.IsTraining.sum": {
            "value": 1.0,
            "min": 1.0,
            "max": 1.0,
            "count": 123
        },
        "KeepWarm.Losses.PolicyLoss.mean": {
            "value": 0.06885765283288947,
            "min": 0.0642189160684931,
            "max": 0.07539308421291935,
            "count": 74
        },
        "KeepWarm.Losses.PolicyLoss.sum": {
            "value": 0.06885765283288947,
            "min": 0.0642189160684931,
            "max": 0.07539308421291935,
            "count": 74
        },
        "KeepWarm.Losses.ValueLoss.mean": {
            "value": 9409528.310546875,
            "min": 0.34650505560083794,
            "max": 11973346.968098959,
            "count": 74
        },
        "KeepWarm.Losses.ValueLoss.sum": {
            "value": 9409528.310546875,
            "min": 0.34650505560083794,
            "max": 11973346.968098959,
            "count": 74
        },
        "KeepWarm.Policy.LearningRate.mean": {
            "value": 0.0002926507404497539,
            "min": 0.0002926507404497539,
            "max": 0.000299897454034182,
            "count": 74
        },
        "KeepWarm.Policy.LearningRate.sum": {
            "value": 0.0002926507404497539,
            "min": 0.0002926507404497539,
            "max": 0.000299897454034182,
            "count": 74
        },
        "KeepWarm.Policy.Epsilon.mean": {
            "value": 0.197550246,
            "min": 0.197550246,
            "max": 0.19996581799999996,
            "count": 74
        },
        "KeepWarm.Policy.Epsilon.sum": {
            "value": 0.197550246,
            "min": 0.197550246,
            "max": 0.19996581799999996,
            "count": 74
        },
        "KeepWarm.Policy.Beta.mean": {
            "value": 0.004877757275399999,
            "min": 0.004877757275399999,
            "max": 0.0049982943182000006,
            "count": 74
        },
        "KeepWarm.Policy.Beta.sum": {
            "value": 0.004877757275399999,
            "min": 0.004877757275399999,
            "max": 0.0049982943182000006,
            "count": 74
        }
    },
    "metadata": {
        "timer_format_version": "0.1.0",
        "start_time_seconds": "1679412189",
        "python_version": "3.9.13 (tags/v3.9.13:6de2ca5, May 17 2022, 16:36:42) [MSC v.1929 64 bit (AMD64)]",
        "command_line_arguments": "C:\\Users\\QI\\MiniAdventureML\\venv\\Scripts\\mlagents-learn Config\\configuration_3Layers.yaml --run-id=ShortNoDistNulledFloat3",
        "mlagents_version": "0.30.0",
        "mlagents_envs_version": "0.30.0",
        "communication_protocol_version": "1.5.0",
        "pytorch_version": "1.7.1+cu110",
        "numpy_version": "1.21.2",
        "end_time_seconds": "1679415104"
    },
    "total": 2914.8274293,
    "count": 1,
    "self": 0.009020299999974668,
    "children": {
        "run_training.setup": {
            "total": 0.13136689999999995,
            "count": 1,
            "self": 0.13136689999999995
        },
        "TrainerController.start_learning": {
            "total": 2914.6870421,
            "count": 1,
            "self": 2.733456499996919,
            "children": {
                "TrainerController._reset_env": {
                    "total": 7.5187262,
                    "count": 1,
                    "self": 7.5187262
                },
                "TrainerController.advance": {
                    "total": 2904.268850400003,
                    "count": 151137,
                    "self": 2.4099478000853196,
                    "children": {
                        "env_step": {
                            "total": 1940.6116953999706,
                            "count": 151137,
                            "self": 1006.9830987000028,
                            "children": {
                                "SubprocessEnvManager._take_step": {
                                    "total": 931.8632627999411,
                                    "count": 151138,
                                    "self": 8.675069400040798,
                                    "children": {
                                        "TorchPolicy.evaluate": {
                                            "total": 923.1881933999003,
                                            "count": 137845,
                                            "self": 923.1881933999003
                                        }
                                    }
                                },
                                "workers": {
                                    "total": 1.7653339000267216,
                                    "count": 151136,
                                    "self": 0.0,
                                    "children": {
                                        "worker_root": {
                                            "total": 2892.3884175000144,
                                            "count": 151136,
                                            "is_parallel": true,
                                            "self": 2064.7744433000335,
                                            "children": {
                                                "steps_from_proto": {
                                                    "total": 0.0010123000000010762,
                                                    "count": 2,
                                                    "is_parallel": true,
                                                    "self": 0.0005788000000030991,